"","ac_erect_single","ag_articulated_calcareous","ag_corticated_foliose","ag_corticated_macrophyte","cca_crustose","cy_filamentous","hc_arborescent","hc_bushy","hc_column","hc_encrusting","hc_foliose","hc_massive","hc_table","oc_arborescent","oc_bushy","oc_cluster","oc_digitate","oc_encrusting","oc_lobate","oc_massive","sg","sp_encrusting","sp_massive","sp_repent","turf_filamentous","zo_encrusting","zo_massive"
"nbr.val",433,433,433,433,433,433,433,433,433,433,433,433,433,433,433,433,433,433,433,433,433,433,433,433,433,433,433
"nbr.null",374,130,118,100,0,263,353,63,180,0,120,21,130,365,167,253,110,385,220,300,421,135,289,90,0,274,362
"nbr.na",0,0,0,0,0,0,0,0,0,0,0,0,0,0,0,0,0,0,0,0,0,0,0,0,0,0,0
"min",0,0,0,0,1.026,0,0,0,0,0.075,0,0,0,0,0,0,0,0,0,0,0,0,0,0,2.146,0,0
"max",0.185,3.245,2.814,1.478,12.09,1.574,3.911,3.296,4.976,8.538,1.874,3.728,4.622,0.305,7.515,4.215,12.868,0.703,6.073,1.146,0.124,0.91,2.919,1.191,16.368,2.138,0.158
"range",0.185,3.245,2.814,1.478,11.064,1.574,3.911,3.296,4.976,8.463,1.874,3.728,4.622,0.305,7.515,4.215,12.868,0.703,6.073,1.146,0.124,0.91,2.919,1.191,14.222,2.138,0.158
"sum",1.736,70.939,44.96,22.416,1804.086,12.485,20.73,136.571,62.929,1054.735,35.317,120.305,90.19,3.42,112.613,65.62,245.12,4.319,45.298,12.847,0.314,24.681,18.796,37.702,3668.465,20.842,1.512
"median",0,0.038,0.031,0.016,3.463,0,0,0.108,0.009,2.187,0.02,0.119,0.031,0,0.009,0,0.058,0,0,0,0,0.011,0,0.034,8.374,0,0
"mean",0.004,0.164,0.104,0.052,4.166,0.029,0.048,0.315,0.145,2.436,0.082,0.278,0.208,0.008,0.26,0.152,0.566,0.01,0.105,0.03,0.001,0.057,0.043,0.087,8.472,0.048,0.003
"SE.mean",0.001,0.017,0.012,0.006,0.119,0.007,0.012,0.023,0.021,0.077,0.011,0.023,0.027,0.002,0.046,0.027,0.078,0.003,0.02,0.005,0,0.006,0.01,0.008,0.142,0.01,0.001
"CI.mean.0.95",0.002,0.034,0.023,0.011,0.233,0.014,0.024,0.046,0.04,0.151,0.021,0.045,0.053,0.003,0.09,0.054,0.154,0.005,0.04,0.01,0.001,0.012,0.019,0.015,0.28,0.019,0.001
"var",0,0.13,0.06,0.014,6.097,0.021,0.065,0.237,0.183,2.543,0.048,0.228,0.315,0.001,0.899,0.324,2.644,0.003,0.18,0.01,0,0.017,0.041,0.025,8.779,0.039,0
"std.dev",0.016,0.36,0.244,0.119,2.469,0.144,0.254,0.487,0.428,1.595,0.22,0.478,0.561,0.034,0.948,0.57,1.626,0.056,0.425,0.101,0.007,0.13,0.204,0.16,2.963,0.198,0.014
"coef.var",4.049,2.2,2.349,2.296,0.593,4.993,5.307,1.545,2.943,0.655,2.697,1.72,2.693,4.264,3.645,3.758,2.872,5.65,4.06,3.419,9.408,2.287,4.692,1.833,0.35,4.113,4.056
