"","Depth","Mean_SST","SD_SST","Light_intensity","Wave_exposure","Wave_height","Mean_chl_a","SD_chl_a","Nitrate","Nitrite","Phosphate","DHW","DHW_recovery","Typhoon_disturbance","Typhoon_recovery","Typhoon_frequency","Anthropogenic_land_use","Forest_land_use","Population_density","Tourist_visitors","Unstable_substrate_cover"
"nbr.val",433,433,433,433,433,433,433,433,433,433,433,433,433,433,433,433,433,433,433,433,433
"nbr.null",0,0,0,0,0,0,0,0,0,0,0,0,0,0,65,0,49,49,59,69,2
"nbr.na",0,0,0,0,0,0,0,0,0,0,0,0,0,0,0,0,0,0,0,0,0
"min",5,19.51,1.688,0.269,0.112,2.2,0.13,0.025,0.004,0.01,0.013,2.5,2,5.2,0,5,0,0,0,0,0
"max",40,25.03,3.282,23.17,22.311,17,0.917,0.481,0.709,0.079,0.075,11.29,13,30.4,4,19,26536.24,94224.57,5003.235,10396664,52.502
"range",35,5.52,1.594,22.901,22.199,14.8,0.786,0.456,0.706,0.069,0.062,8.79,11,25.2,4,14,26536.24,94224.57,5003.235,10396664,52.502
"sum",5330,9907.18,940.449,4164.962,4105.872,4345.5,155.973,69.061,115.585,12.773,13.911,2159.27,3763,5981.1,840,5276,2736371.85,6998099.52,247749.943,923731907.25,3314.392
"median",10,23.64,2.157,9.503,11.087,11.1,0.295,0.146,0.215,0.022,0.023,4.32,9,11.1,2,13,3716.78,4050.78,157.992,473715.5,4.634
"mean",12.309,22.88,2.172,9.619,9.482,10.036,0.36,0.159,0.267,0.029,0.032,4.987,8.691,13.813,1.94,12.185,6319.565,16161.893,572.171,2133330.04,7.654
"SE.mean",0.487,0.087,0.021,0.263,0.392,0.25,0.009,0.006,0.008,0.001,0.001,0.116,0.165,0.33,0.066,0.194,332.965,1013.075,48.765,139423.627,0.457
"CI.mean.0.95",0.958,0.171,0.041,0.516,0.771,0.492,0.018,0.011,0.015,0.002,0.001,0.228,0.325,0.648,0.129,0.38,654.433,1991.169,95.847,274033.027,0.898
"var",102.872,3.28,0.19,29.894,66.561,27.124,0.035,0.013,0.025,0,0,5.828,11.835,47.106,1.871,16.22,48004789.957,444397066.236,1029697.884,8417064406601.99,90.29
"std.dev",10.143,1.811,0.436,5.468,8.159,5.208,0.186,0.115,0.157,0.019,0.015,2.414,3.44,6.863,1.368,4.027,6928.549,21080.727,1014.74,2901217.745,9.502
"coef.var",0.824,0.079,0.201,0.568,0.86,0.519,0.517,0.72,0.59,0.637,0.477,0.484,0.396,0.497,0.705,0.331,1.096,1.304,1.773,1.36,1.241
