"","turf_filamentous","cca_crustose","hc_encrusting","oc_digitate","hc_bushy"
"Depth",-0.164,0.223,-0.028,-0.263,0.032
"Mean_SST",0.028,-0.113,0.087,0.004,0.28
"SD_SST",-0.067,0.14,-0.127,-0.118,-0.272
"Light_intensity",0.344,-0.41,0.01,0.33,0.223
"Wave_exposure",-0.359,0.126,0.194,0.071,0.076
"Wave_height",-0.049,0.034,0.032,0.046,0.178
"Mean_chl_a",-0.154,0.084,0.046,0.138,-0.181
"SD_chl_a",-0.084,0.09,0.058,0.075,-0.249
"Nitrate",0.309,-0.019,-0.182,-0.227,-0.162
"Nitrite",0.182,0.135,-0.24,-0.073,-0.315
"Phosphate",-0.02,0.322,-0.102,-0.113,-0.235
"DHW",-0.209,0.204,-0.03,0.112,-0.25
"DHW_recovery",-0.05,-0.227,0.128,0.319,0.146
"Typhoon_disturbance",0.213,-0.149,-0.013,-0.219,0.181
"Typhoon_recovery",0.147,-0.269,0.086,0.416,0.089
"Typhoon_frequency",-0.228,0.373,-0.021,-0.393,-0.115
"Anthropogenic_land_use",-0.043,0.257,-0.12,-0.154,-0.19
"Forest_land_use",0.014,0.294,-0.153,-0.165,-0.222
"Population_density",0.314,-0.139,-0.302,-0.199,-0.172
"Tourist_visitors",0.022,0.235,-0.247,-0.21,-0.26
"Unstable_substrate_cover",0.173,-0.284,-0.343,-0.132,-0.249
